Image	OCR
abhgqbiral.jpg	UP14BJ0336
abncmxcvrx.jpg	UP14DS7211
adgtctckhu.jpg	JP14K1321
adkcpybpnt.jpg	DL3CCC5202
admhrhfdyv.jpg	UP14CQ5107
aenxtvymde.jpg	UP14BP4084
afpbulvtgv.jpg	UP14BI5550
agikmgnmzq.jpg	DE1PD5805
agzxbtwfrx.jpg	HR3EDL5247
ahfzauijwc.jpg	DLVSIP3518
ahiyhnweqm.jpg	DL3CBE9648
ahmlvxvdhg.jpg	UP14BV9666
akdjioruij.jpg	UP13AK6263
akginojkpk.jpg	DL5SAM8728
akvokannhv.jpg	UP14DI9622
alikdhcldw.jpg	TN20BF6121
amrjambapn.jpg	HR26DP3710
anmwbjtaoj.jpg	UP14AY2717
arhxcsbbmz.jpg	ZZ6CS2516
asklzztcra.jpg	UP13BA3043
asleeacfub.jpg	DL5SCA9677
attrlmgobm.jpg	UP14BB9262
atwnrnnduq.jpg	UP14CD5075
avwpbzmcdx.jpg	UP14A039U
awmuwsesck.jpg	24R93L2
axjzrdjdpd.jpg	UP14CS4979
bbzaaqpglp.jpg	DL9CZ0868
bdeaqwdlkn.jpg	DL5SBS2874
belrjuorvs.jpg	DL3SDV8676
benbfbaozw.jpg	TP14T3895
bfvcjiqclm.jpg	HR51AX3801
bgfezcgkbf.jpg	DL50TYL9482
bhwsxoeolq.jpg	UP14BH6208
binwtwdydb.jpg	HR21Y1332
bjrkinzqhb.jpg	GJ1KR2485
bkywdtssac.jpg	UP14BZ7072
blvhpwcvrh.jpg	DZ39BA6580
bndxwsybfi.jpg	TN01ADS9551
bnidjihukv.jpg	PY4DJU283
bozvxiptzw.jpg	DL9CR7697
bpoipcthmu.jpg	ZP14BK2445
bqcqmruyev.jpg	AD17RS6463
btmddivent.jpg	HP148982
btumtwdoqk.jpg	DL4SCB6901
bvsrchcdrc.jpg	UP14D0432
bwaysnaefv.jpg	UP1LCR4750
bwjtcmoazi.jpg	HR51AS506
bxsaugteoq.jpg	RT96UPA10CW
byyqsmqspm.jpg	DL8CAC5109
bzfdshutvm.jpg	HR55Y5179
caazgwmbqs.jpg	HR51A3615
carsjwlhlf.jpg	DL17CB5568
carvisdfgh.jpg	HR51AQ5925
causcpiyjx.jpg	HP51AH7842
ccexdcvwof.jpg	CL3SB1170
ccoanylqvx.jpg	UP14BW4951
ccohtpmkmk.jpg	DC3CAG9644
ccqannjpzu.jpg	HR2ED9247
ceasicocwf.jpg	DL96LBI9752
cehoyjxvul.jpg	DL5SZ49S5
ceslafabnu.jpg	LP14CF0544
cewuxmgbel.jpg	DL14C0661
cfmotudktl.jpg	UP14CN2420
chcdzspymp.jpg	HR51U7283
chgdkxqvdi.jpg	DL3CAL9739
cjnwskyhdi.jpg	DL7SBU5504
cjpriwxgim.jpg	LE08D2877
cjqmxmxcoa.jpg	DL1PT1DE
ckcgjcajnj.jpg	DL72B27
ckksylvzux.jpg	TN2DBC4534
ckvahuqgne.jpg	HR76CT8009
clfkabppct.jpg	UP13AD0002
cmxqdserck.jpg	DL3SAL4813
cpqtfgeekn.jpg	HR55AE2313
cqeecitcuk.jpg	UP14BN119
cqneuagwdv.jpg	UP1JCJ1473
crlardzesm.jpg	DL7CN092
cruqybtiqa.jpg	UP14CP4984
cvfnasusdx.jpg	PN10UCK1111
cvmdmschtd.jpg	HR51AE9899
cwapawqhtb.jpg	DL3EHI3581
cyxfsacchs.jpg	UP4YDT26A1
dbgkyuwfxq.jpg	HR2ED0057
dbzuropieo.jpg	CP14CUF8459
dcgzrdgfed.jpg	DL3CBE4707
dcnovoijvp.jpg	UP14BK6434
ddeurdqnwd.jpg	IS3CD6611
ddjblbauwc.jpg	DL8SNA5149
deedzdnmgy.jpg	UP14CX0115
dfyexduqvx.jpg	DL8CAA2668
dgggjfcqno.jpg	UP14CW6195
djepbctchu.jpg	DL9SAY1522
dknywqylcv.jpg	DL3SLZ1157
dldnortohl.jpg	UP14CP1293
dmoukdkbbh.jpg	UP14CR1034
dnmgidcxhy.jpg	UP1OAI6528
dnsqpsuoig.jpg	1
docevdzbfe.jpg	CR2SDP1259
dprhjibrxq.jpg	DL5SBB7655
dqcjhmcvgs.jpg	DL7CT4181
dscbniltqt.jpg	UP14CJ2791
dswwzmhpsw.jpg	UP1ABK9651
dvujltiawf.jpg	002D8084
dwgdpqvanq.jpg	UP14AP2597
dzzgxqikmq.jpg	TP14B8060
edcckrxkxi.jpg	HR26CD1449
efgchnpjnz.jpg	UY0QIP1016
ehmjkjgmjj.jpg	UP14AX6074
eiejtyyczi.jpg	UP4FBP31555
eifezdgmvt.jpg	UP14CN6285
eiimmwgzev.jpg	HR51BG9394
ejbsnjzchp.jpg	DL8CR9613
ejeqzvcefa.jpg	UP13AH9301
enhqmdhoes.jpg	UP14DS2728
envtjxdhsy.jpg	HR16CT0079
eolgrvqnxt.jpg	UP14CX5743
epvamhsozl.jpg	UP1HTZ4991
epvzhkrfeq.jpg	UP13HE2265
eqvscsjiiu.jpg	UL1
esqkvexilr.jpg	UP14CG3526
esxlpzcpfi.jpg	HR56Y3020
etsgtltnmk.jpg	DL1ZKS6522
evokolhcfd.jpg	DL13SN3740
exmtiowltj.jpg	UP14BH3430
exxmrjaifi.jpg	UP74CE1635
eywbkpcdfg.jpg	DL7CJ7760
ezvzwyqnqc.jpg	UP14BW9223
fahynovqqm.jpg	DL6SAH3241
faojbfesmf.jpg	HR26DH4190
fcdugmhage.jpg	UP14AU5755
fcusbdttey.jpg	DL3CBC8787
fcwfqvtgij.jpg	UP46C4214
fenjvbdtdr.jpg	CL121C1A
feuqrckcxo.jpg	UP14CJ499
feusrxnbjv.jpg	UA0UA5229
fgbodhgizg.jpg	DL5SBY4619
fheddpwokj.jpg	UP14CW5740
fiuirgswvp.jpg	DL5SF4406
fjvynrlbex.jpg	ID4IZ5172
fkpthhsjma.jpg	PB10GT4714
fqyyaazrta.jpg	DL3CZ6913
fstqxhmfyh.jpg	UP14BV3004
fuxepmgqsg.jpg	MH12FP8677
fztdwxvgtq.jpg	HR2BAA0493
fzxvzpkkwb.jpg	UP11DF5669
gbcdiwsndd.jpg	UP12AT8961
gdmwmsvqfc.jpg	HR29UT41A9
gdyrmvftky.jpg	UP14CS5166
gejgbgejjv.jpg	DL8SBZ4606
gepysaqtwf.jpg	UP13AA851
gfogowpszl.jpg	RZ60L7300
gfrpaqpxgb.jpg	DL3CBA2003
ggeqmxfxsc.jpg	HR51AE7771
ggjjhawxuj.jpg	DL5SCD0718
giihghkyyj.jpg	TN07BB1423
gkowrmfacw.jpg	MH12FY2031
gmqgnhfucv.jpg	DL5SAZ0117
goiayimlye.jpg	DP14CNI7442
gqbedqenoc.jpg	UP4USA44C5
gqtsqtkixs.jpg	HR26CA6298
grewefutce.jpg	DL7SZA9974
gricgvhhkx.jpg	CA90UG4194
gxhuprhovo.jpg	UP14BW7488
gzhaubvtpx.jpg	UP14CQ3555
gzphfwcwtl.jpg	DL6SL3600
haukmqcaod.jpg	BDP4E7650
hbmwosipky.jpg	DL1LSD9765
hcqawesyul.jpg	UP1ACW0330
hczlrrmede.jpg	DL12PZ5463
heiaknglpj.jpg	UP14BY4608
hfahdxtwwo.jpg	DL3CAZ4850
hgjkedzuvk.jpg	HP14A8861
hilipgyjgy.jpg	UP14BW2553
hjfltyhzmv.jpg	DL7CT0531
hkpmfwlguf.jpg	MH01AW5111
hkyssprzzr.jpg	UP14CD6803
hmtmkucjxc.jpg	HR26CT1133
hmxzutgddp.jpg	UPI4V734
hniwdervew.jpg	HR26CT6483
hqhjgjgmux.jpg	HR29AT2344
hqogmirkjx.jpg	UP14BQ7143
huzazdqaxz.jpg	GJ1HR7391
hwtszpdktj.jpg	UP1HPD19C1
hwwziwaxnp.jpg	UP14CR0334
hxibxkdisq.jpg	UP14CF12
hygknokjyh.jpg	UP14BE5577
hzmtdychwd.jpg	UP14BN4339
iccooqvpgq.jpg	UP14AC9263
idpchoavta.jpg	EL7CT3372
idpgsnodae.jpg	DL7CD0821
iedrkhnraa.jpg	DL8CAA3557
ifmyvauqjf.jpg	DL8CR4339
ihjgvytzxv.jpg	LP11BT7081
iiyzynrzzw.jpg	HR26CT2003
ijpneqdwbp.jpg	DL3SGZ1794
ijuknovzmf.jpg	HR26DH8186
ikevoesrtf.jpg	UP14CH3991
ilecdgiuph.jpg	UP14CE2432
illfashzft.jpg	DL14S0829
imlppssqmb.jpg	RI6BE0258
