image	OCR
rmjoldfffj.jpg	UP14BC4988
rpnwddppct.jpg	DL1RTA7147
rrinswxdqs.jpg	UP14BD2936
rtbajzxhmc.jpg	HR51AJ0135
rtcsnelapc.jpg	UP14BZ9764
ruoknsxenf.jpg	UP14CD5782
rvgsakahfa.jpg	DL47SAC4024
rvygjnhdep.jpg	UP14CA5960
rvzvriltkp.jpg	UP11CJ8128
rwqkjhfjzu.jpg	DT78AR1745
rxpbwtwiso.jpg	LZ56D1629
rycwsuasju.jpg	UP14AY3851
rygbinolpm.jpg	UP14CA2143
rzjhwlsxdl.jpg	P14B9258
sbetdgxttj.jpg	UP14DT5151
sccroiehfw.jpg	PP14J9499
sceigyjkwu.jpg	DP1JCB6S57
scoumdijjo.jpg	UP14AU9897
scrjxlfeov.jpg	UP14CD7767
sfbqrsplus.jpg	UP14ZE3216
sgqoswhqss.jpg	HR26DP7501
shvgueggwn.jpg	UP14BZ6186
sidyjqkbdy.jpg	UP14BW7487
sjhczmnhje.jpg	DL5SBF0524
skmloornvb.jpg	TN09AZ7705
slfzauokaa.jpg	GJ1RA8132
slxztegotm.jpg	UP14CU3012
soluuwrhyh.jpg	TN0TEZ2500
sooejsxqwi.jpg	UP14B1168
sowdqfrwrl.jpg	UP14CN8330
sqogiutjrf.jpg	DL5SCB0210
srtnczdivb.jpg	HR26CT6078
ssodufafdj.jpg	SSSIN3SL
swhpgmrecf.jpg	DL1RNE3603
swivaxdytb.jpg	DL1RT7103
swzkkgflhl.jpg	HR2EC0663
sxuawvnwge.jpg	UP14BE5711
synzqysfbo.jpg	DL5CD5378
szkikshyzs.jpg	DL7SBH6693
tbtujezhaz.jpg	UP14CP7182
tekgcltpsn.jpg	DL5SAH4115
tgiaaftsqv.jpg	UP14BM3199
tgwtuovent.jpg	UP14BR9463
thbtoiundj.jpg	UP14CL6276
thjhoazdbu.jpg	DL7CH9045
thlaghmcpp.jpg	DL9CAN4143
tlkvltmwst.jpg	HR30K2230
tlrcrapmpu.jpg	DL4CAU3396
tmipkfhljs.jpg	UP1ACF1266
tmvtcxfawx.jpg	DL1CZ6079
todidywugb.jpg	DL7SAS6026
ttefhsbnnj.jpg	LZ7CJ5318
tuelkvkypi.jpg	HR5AGA5865
tvcrzkylbp.jpg	HR51AT6968
tvktcdvbrm.jpg	HR26CR9723
twxuuiisay.jpg	UP14AW7148
twyxuztfdh.jpg	HR26CS5397
ugiwwlxjhw.jpg	DL9SBC0670
uiwlijqnjf.jpg	UP14CR8397
ujdohpnkil.jpg	UP14CU9776
ujnvewjcwb.jpg	UP13BD1540
ujueukgoml.jpg	UP14CH5116
umnvxkxicy.jpg	UP71BL6239
uoozaahmim.jpg	DL8CR3613
upwxgxyliu.jpg	HR26CTL6337
uqvtxtyxgb.jpg	DL7CD2776
urhmyaqpbb.jpg	UP14PCV9731
ursppgszyw.jpg	DI3CED2052
uskunbugqk.jpg	UP14CB3263
uuyzqvbvye.jpg	PL46488
uwsqiyjasl.jpg	MH12FY5920
uxukvhwcli.jpg	UP14CB1039
uyeohscrfo.jpg	UP13BTS6689
uyvkxinqjk.jpg	UP14CD5333
vagbpmuvho.jpg	HR26DP0198
vajigeqcbt.jpg	H2FR8114
vbhqzwggdi.jpg	UP16DSA5627
vceibkujti.jpg	UPA1CC5B
vcziqjaeox.jpg	MH12PY0367
vdaxauvtkx.jpg	UP14CQ4178
vddzofbwwe.jpg	UP14BB4803
vdgfknctcm.jpg	UP11U0098
vehtrjuonc.jpg	DL1LP5704
vfgdwdpjxp.jpg	UP14L9080
vifnbbdpdc.jpg	DL5CJ5949
vkkbrhpokw.jpg	UP14CV8439
vkrgduxtgo.jpg	P932
vmlikgabqz.jpg	TN18HM5254
vpcyriuozu.jpg	HR26CE0044
vpmzmmbyed.jpg	DL5SNK2142
vqgehydlsz.jpg	GJ23AF577
vqwgqkaplh.jpg	GJ1KG2754
vrdvyfmjei.jpg	DL7SBU4561
vtohhkgbjj.jpg	DJ0BC5083
vtrbxgnglv.jpg	DL5SBA2029
vuuedretcm.jpg	UP14GD5998
vwhjiwixcd.jpg	PT93L8132
vxvdotvxpo.jpg	DL3TH2461
vysqnskivg.jpg	UP14AH9430
vzyyrhgqzr.jpg	DL3CB1458
wfkdbjsfsp.jpg	MH01AV5711
wicehwnjmf.jpg	UP14LW1411
wihigmlgnp.jpg	DL8SBU6328
wjebzkwzez.jpg	TN09BK7357
wjpksqqurr.jpg	UP14DCJ2820
wlbjlfuexd.jpg	DL3CAY5270
wlxbvdtazv.jpg	TN129637
wlyqgtzgly.jpg	PR2ECS6553
wmbxaxovjv.jpg	VP1JAD2890
wmfzcolxfw.jpg	DL7CR0847
wngxvxpkgu.jpg	DL5SCH5258
wnrsciohrd.jpg	UP14CK6446
wpxiiivmeb.jpg	DL11SA1937
wpykjbivxj.jpg	DL7SBL5809
wvnvwizpcv.jpg	DPIIBDI9N4R5
wvzczbwkgg.jpg	R034891
wzuiebzolv.jpg	DL13CB0545
xcbqhjxwaw.jpg	UP1SBH9016
xdvsromhww.jpg	DD15SCH1302
xdyxibxowg.jpg	MH12F4780
xfrchwbdpy.jpg	UP14CH8285
xgahdasifo.jpg	UP14CE9763
xgboydkemn.jpg	DL5SAK1278
xgmkatgvax.jpg	UP14BA9313
xhwqatibqc.jpg	UP14CD7644
xlgjxqkrxe.jpg	UP14BK8306
xlljszmjnm.jpg	UP14BC2028
xmrtkcqozj.jpg	UP14CE0236
xmtuiqykss.jpg	DL12CE8352
xnbgwrzbqo.jpg	DL4CNC3562
xopfmwmnhp.jpg	DL7CD6591
xoqnzhqvio.jpg	DL1YB6896
xqpbrwjvtu.jpg	UPKADU895
xrkwdmmvzz.jpg	UP14AL1406
xsiuccfyft.jpg	UP14BU4576
xspzbxqbcy.jpg	DL2SP4185
xsynrdvedc.jpg	DL10CG4159
xviahbpdxu.jpg	UP14BC3998
xxrqsoyett.jpg	DL3CP610
xxvkdurple.jpg	UP14BZ7824
xyiygdnwgr.jpg	HR26CS2180
yaslpgvlhk.jpg	DP14CP8045
yauamvkokw.jpg	UR1LD0002
yblaktxewd.jpg	DP14JK4437
ycgkzmgxzg.jpg	UP10CH9623
yenycfrurm.jpg	HF9EAF0909
yewxspfzxi.jpg	DL9SAN4743
yfizfwigvn.jpg	TN10AJ1863
yfptvjvrvd.jpg	MU9P214
ygfgtpxbpp.jpg	DL8CAM9531
ygtsaoxhtf.jpg	TP14C3261
yiqgzyvwlg.jpg	HR26CE0199
ymuytkpihr.jpg	DL3CAZ3091
ynehqpwwsb.jpg	UB1ACC4076
yohyvwrdhl.jpg	UP1ACD3792
ypfizddgmg.jpg	TN19B3753
yptkfkdrtt.jpg	DU14CD4696
ypzmxdorfd.jpg	H5209
yqernamedy.jpg	DL3CAU1495
yqkkdofzsj.jpg	UP11CTV7388
yrrwvqgqzh.jpg	DL7SBU4561
ytdcctvjfq.jpg	UP14BS9939
yueredgkem.jpg	UP4BY7290
ywopracyfs.jpg	HR55AA4232
ywsrdedpwt.jpg	UP14BU8354
yxexmldlhv.jpg	UP14CJ2885
yymynhspsr.jpg	UP14BA9252
yyqhlvvyyp.jpg	TN07BF5202
yyweaxnftk.jpg	HR51BC9015
yzgcvlzdgs.jpg	MHL79M
yzuycsbqbv.jpg	UP14BF5975
zansvqjboq.jpg	UP4DU4036
zasmgjrsxx.jpg	HR55AB4419
zcszydscxb.jpg	DL1PC6571
zdskflruax.jpg	BZ18NZ0742
zfftvnknlw.jpg	UP14CE3304
zgvctiemjd.jpg	GJ1RB255
zgzfqzpiap.jpg	DL7SAJ3603
zhqodfsisx.jpg	UP14CB1320
zitfcdnltr.jpg	HR26CD9340
ziwgulrrha.jpg	DL7TA5388
zjtwztimdg.jpg	MH01AR9023
zlihmdgveo.jpg	DL5GK9634
zlskhfxdpi.jpg	UP14CH3266
zmsiofxsgp.jpg	UP14CR0379
zmsixvfrnz.jpg	UP14CJ1740
znijvvdybb.jpg	14H1493
zonkmlxluq.jpg	MH12FU8015
zoswnmoodv.jpg	JM41ZFU5326
zpecdqivli.jpg	UP14EC2641
zpewjjzhhm.jpg	UP13AT4658
zpfmzwwllb.jpg	TN07BT3859
zqjmlslzwz.jpg	UP14AU2822
zwxjnitcmt.jpg	UP14AY4699
zwzgvqukem.jpg	UP14AR9664
zxdowzagce.jpg	1A0736
zxwkfhthzj.jpg	UP14KHJA
zzihcfrqub.jpg	UP13AK7055
zzlnmaqbic.jpg	HR26DD0754
zzuuycambi.jpg	L9S12826
